{"cameraMode":{"drawMode":0,"name":"Shaded","section":"Shading Mode"},"sceneLighting":true,"audioPlay":false,"sceneViewState":{"m_AlwaysRefresh":false,"showFog":true,"showSkybox":true,"showFlares":true,"showImageEffects":true,"showParticleSystems":true,"showVisualEffectGraphs":true,"m_FxEnabled":true},"in2DMode":false,"pivot":{"x":-0.09348612278699875,"y":8.353900909423829,"z":-0.0001672411453910172},"rotation":{"x":0.5137770771980286,"y":0.485882431268692,"z":-0.5128552913665772,"w":0.48675596714019778},"size":0.8660253882408142,"orthographic":false}